cluster_id,top5_crimes,bottom5_crimes
0,"[('GANG_VIOLENCE', 0.2916472235184321), ('MURDER', 0.2813812412505833), ('GUN_VIOLENCE', 0.21885207652823147), ('ROBBERY', 0.036397573495100324), ('SNATCHING', 0.032197853476434904)]","[('Industrial Hazards', 0.01726551563229118), ('THEFT', 0.015865608959402706), ('Political Violence', 0.014932337844143724), ('Extortion', 0.013065795613625758), ('Drug Possession', 0.011199253383107793)]"
1,"[('MURDER', 0.16741405082212257), ('GANG_VIOLENCE', 0.16442451420029897), ('ROBBERY', 0.11808669656203288), ('SNATCHING', 0.1031390134529148), ('ASSAULT', 0.09715994020926756)]","[('Kidnapping', 0.052316890881913304), ('Extortion', 0.04783258594917788), ('Drug Possession', 0.04633781763826607), ('Political Violence', 0.04484304932735426), ('Industrial Hazards', 0.03886397608370702)]"
2,"[('GANG_VIOLENCE', 0.15373563218390804), ('MURDER', 0.13505747126436782), ('ASSAULT', 0.11566091954022989), ('ROBBERY', 0.10416666666666667), ('SNATCHING', 0.09482758620689655)]","[('THEFT', 0.05890804597701149), ('Industrial Hazards', 0.05747126436781609), ('Land Grabbing', 0.05244252873563218), ('Extortion', 0.05028735632183908), ('Kidnapping', 0.04885057471264368)]"
3,"[('GANG_VIOLENCE', 0.16258351893095768), ('MURDER', 0.14699331848552338), ('SNATCHING', 0.11432813659985153), ('ASSAULT', 0.11061618411284335), ('ROBBERY', 0.09428359317000742)]","[('Drug Possession', 0.053452115812917596), ('Political Violence', 0.053452115812917596), ('Extortion', 0.05270972531551596), ('Industrial Hazards', 0.050482553823311065), ('Kidnapping', 0.04825538233110616)]"
4,"[('Drug Possession', 0.12694877505567928), ('MURDER', 0.12026726057906459), ('GANG_VIOLENCE', 0.11804008908685969), ('ROBBERY', 0.10690423162583519), ('Industrial Hazards', 0.10244988864142539)]","[('ASSAULT', 0.05790645879732739), ('Land Grabbing', 0.05679287305122494), ('Political Violence', 0.052338530066815145), ('Extortion', 0.051224944320712694), ('THEFT', 0.043429844097995544)]"
5,"[('SNATCHING', 0.3865276663993585), ('THEFT', 0.38572574178027264), ('MURDER', 0.04330392943063352), ('GANG_VIOLENCE', 0.034482758620689655), ('ROBBERY', 0.02566158781074579)]","[('Drug Possession', 0.019246190858059342), ('Land Grabbing', 0.01764234161988773), ('Political Violence', 0.01764234161988773), ('Industrial Hazards', 0.012830793905372895), ('Kidnapping', 0.012830793905372895)]"
6,"[('ROBBERY', 0.38348323793949307), ('SNATCHING', 0.38266557645134913), ('GANG_VIOLENCE', 0.038430089942763694), ('MURDER', 0.03434178250204415), ('THEFT', 0.033524121013900246)]","[('Land Grabbing', 0.019623875715453803), ('Industrial Hazards', 0.018806214227309895), ('Extortion', 0.017170891251022075), ('Drug Possession', 0.014717906786590351), ('Political Violence', 0.013900245298446443)]"
7,"[('THEFT', 0.12743628185907047), ('ROBBERY', 0.12143928035982009), ('MURDER', 0.1184407796101949), ('GANG_VIOLENCE', 0.11694152923538231), ('SNATCHING', 0.11544227886056972)]","[('Land Grabbing', 0.05997001499250375), ('Industrial Hazards', 0.05697151424287856), ('Extortion', 0.05247376311844078), ('Drug Possession', 0.047976011994003), ('Kidnapping', 0.047976011994003)]"
8,"[('SNATCHING', 0.40797546012269936), ('THEFT', 0.3773006134969325), ('MURDER', 0.046012269938650305), ('GANG_VIOLENCE', 0.03680981595092025), ('Land Grabbing', 0.03067484662576687)]","[('Industrial Hazards', 0.015337423312883436), ('Extortion', 0.012269938650306749), ('ROBBERY', 0.012269938650306749), ('Political Violence', 0.009202453987730062), ('Kidnapping', 0.006134969325153374)]"
9,"[('GANG_VIOLENCE', 0.381993006993007), ('Drug Possession', 0.36975524475524474), ('ROBBERY', 0.038461538461538464), ('Industrial Hazards', 0.03496503496503497), ('SNATCHING', 0.03496503496503497)]","[('ASSAULT', 0.02097902097902098), ('Political Violence', 0.019230769230769232), ('Kidnapping', 0.018356643356643356), ('Land Grabbing', 0.01486013986013986), ('THEFT', 0.013986013986013986)]"
10,"[('MURDER', 0.14357053682896379), ('GANG_VIOLENCE', 0.1348314606741573), ('SNATCHING', 0.11485642946317104), ('ASSAULT', 0.11485642946317104), ('ROBBERY', 0.09987515605493133)]","[('Extortion', 0.05867665418227216), ('Kidnapping', 0.05867665418227216), ('Political Violence', 0.04868913857677903), ('Land Grabbing', 0.04744069912609238), ('THEFT', 0.04369538077403246)]"
11,"[('GANG_VIOLENCE', 0.2855079441502167), ('MURDER', 0.2831006259027443), ('GUN_VIOLENCE', 0.22869523350987), ('ASSAULT', 0.036109773712084736), ('ROBBERY', 0.029850746268656716)]","[('THEFT', 0.014925373134328358), ('Drug Possession', 0.014925373134328358), ('Kidnapping', 0.013480982185844969), ('Extortion', 0.012518054886856042), ('Land Grabbing', 0.012518054886856042)]"
12,"[('GANG_VIOLENCE', 0.7911392405063291), ('MURDER', 0.04113924050632911), ('SNATCHING', 0.028481012658227847), ('ROBBERY', 0.02531645569620253), ('Extortion', 0.022151898734177215)]","[('Industrial Hazards', 0.012658227848101266), ('THEFT', 0.012658227848101266), ('Kidnapping', 0.012658227848101266), ('Political Violence', 0.00949367088607595), ('Drug Possession', 0.006329113924050633)]"
13,"[('MURDER', 0.16500383729854182), ('GANG_VIOLENCE', 0.15656178050652342), ('ROBBERY', 0.12509593246354567), ('ASSAULT', 0.10667689946277821), ('SNATCHING', 0.10283960092095165)]","[('Drug Possession', 0.051419800460475826), ('Kidnapping', 0.047582501918649274), ('Land Grabbing', 0.044512663085188024), ('Political Violence', 0.044512663085188024), ('THEFT', 0.044512663085188024)]"
14,"[('GANG_VIOLENCE', 0.17066666666666666), ('MURDER', 0.13466666666666666), ('ROBBERY', 0.12266666666666666), ('ASSAULT', 0.10666666666666667), ('SNATCHING', 0.1)]","[('THEFT', 0.05333333333333334), ('Land Grabbing', 0.050666666666666665), ('Political Violence', 0.048), ('Industrial Hazards', 0.048), ('Extortion', 0.04533333333333334)]"
15,"[('MURDER', 0.1623931623931624), ('GANG_VIOLENCE', 0.15669515669515668), ('ASSAULT', 0.12535612535612536), ('SNATCHING', 0.10826210826210826), ('ROBBERY', 0.09686609686609686)]","[('Land Grabbing', 0.05128205128205128), ('Drug Possession', 0.05128205128205128), ('Kidnapping', 0.045584045584045586), ('THEFT', 0.039886039886039885), ('Political Violence', 0.03133903133903134)]"
16,"[('ROBBERY', 0.1383737517831669), ('MURDER', 0.12553495007132667), ('GANG_VIOLENCE', 0.10984308131241084), ('SNATCHING', 0.10556348074179743), ('THEFT', 0.09843081312410841)]","[('Industrial Hazards', 0.06419400855920114), ('Land Grabbing', 0.06276747503566334), ('Drug Possession', 0.05848787446504993), ('Kidnapping', 0.05420827389443652), ('Extortion', 0.04992867332382311)]"
17,"[('GANG_VIOLENCE', 0.1574279379157428), ('MURDER', 0.13968957871396895), ('THEFT', 0.11086474501108648), ('Drug Possession', 0.11086474501108648), ('SNATCHING', 0.10421286031042129)]","[('Land Grabbing', 0.057649667405764965), ('Political Violence', 0.05543237250554324), ('Extortion', 0.04878048780487805), ('ROBBERY', 0.04656319290465632), ('Kidnapping', 0.04434589800443459)]"
18,"[('GANG_VIOLENCE', 0.1717902350813743), ('THEFT', 0.11934900542495479), ('Drug Possession', 0.11392405063291139), ('MURDER', 0.11211573236889692), ('SNATCHING', 0.11030741410488246)]","[('ASSAULT', 0.054249547920433995), ('Land Grabbing', 0.05063291139240506), ('Political Violence', 0.048824593128390596), ('Extortion', 0.048824593128390596), ('Industrial Hazards', 0.045207956600361664)]"
19,"[('SNATCHING', 0.17316017316017315), ('GANG_VIOLENCE', 0.11688311688311688), ('ROBBERY', 0.11255411255411256), ('MURDER', 0.10822510822510822), ('Industrial Hazards', 0.08225108225108226)]","[('Kidnapping', 0.06493506493506493), ('ASSAULT', 0.05627705627705628), ('THEFT', 0.05194805194805195), ('Land Grabbing', 0.04329004329004329), ('Drug Possession', 0.03896103896103896)]"
20,"[('GANG_VIOLENCE', 0.13733905579399142), ('ROBBERY', 0.13304721030042918), ('MURDER', 0.12875536480686695), ('Land Grabbing', 0.10300429184549356), ('Kidnapping', 0.0815450643776824)]","[('ASSAULT', 0.06437768240343347), ('Political Violence', 0.06437768240343347), ('Drug Possession', 0.04721030042918455), ('Extortion', 0.04721030042918455), ('Industrial Hazards', 0.04291845493562232)]"
21,"[('MURDER', 0.12916666666666668), ('GANG_VIOLENCE', 0.12916666666666668), ('ROBBERY', 0.11666666666666667), ('SNATCHING', 0.10416666666666667), ('THEFT', 0.0875)]","[('Industrial Hazards', 0.07083333333333333), ('Political Violence', 0.0625), ('Land Grabbing', 0.0625), ('Kidnapping', 0.05), ('ASSAULT', 0.0375)]"
22,"[('MURDER', 0.14691943127962084), ('SNATCHING', 0.11374407582938388), ('Land Grabbing', 0.0947867298578199), ('ROBBERY', 0.0947867298578199), ('THEFT', 0.08056872037914692)]","[('Drug Possession', 0.07109004739336493), ('GANG_VIOLENCE', 0.07109004739336493), ('Kidnapping', 0.07109004739336493), ('Political Violence', 0.07109004739336493), ('Extortion', 0.037914691943127965)]"
23,"[('THEFT', 0.15254237288135594), ('GANG_VIOLENCE', 0.13559322033898305), ('MURDER', 0.11864406779661017), ('SNATCHING', 0.11016949152542373), ('ROBBERY', 0.1016949152542373)]","[('Industrial Hazards', 0.0635593220338983), ('Political Violence', 0.05084745762711865), ('Extortion', 0.046610169491525424), ('Drug Possession', 0.038135593220338986), ('Kidnapping', 0.038135593220338986)]"
24,"[('SNATCHING', 0.13777777777777778), ('MURDER', 0.1288888888888889), ('THEFT', 0.12444444444444444), ('ROBBERY', 0.10222222222222223), ('GANG_VIOLENCE', 0.08888888888888889)]","[('Industrial Hazards', 0.06666666666666667), ('Political Violence', 0.06666666666666667), ('Kidnapping', 0.06222222222222222), ('ASSAULT', 0.044444444444444446), ('Land Grabbing', 0.035555555555555556)]"
25,"[('SNATCHING', 0.1590909090909091), ('MURDER', 0.13636363636363635), ('GANG_VIOLENCE', 0.10795454545454546), ('THEFT', 0.10227272727272728), ('ROBBERY', 0.08522727272727272)]","[('Industrial Hazards', 0.0625), ('ASSAULT', 0.0625), ('Political Violence', 0.056818181818181816), ('Extortion', 0.056818181818181816), ('Land Grabbing', 0.017045454545454544)]"
26,"[('THEFT', 0.14345991561181434), ('ROBBERY', 0.1350210970464135), ('SNATCHING', 0.12236286919831224), ('MURDER', 0.10126582278481013), ('GANG_VIOLENCE', 0.08860759493670886)]","[('Extortion', 0.06329113924050633), ('ASSAULT', 0.05485232067510549), ('Industrial Hazards', 0.05063291139240506), ('Kidnapping', 0.046413502109704644), ('Political Violence', 0.03375527426160337)]"
27,"[('THEFT', 0.1276595744680851), ('MURDER', 0.12411347517730496), ('ROBBERY', 0.1099290780141844), ('SNATCHING', 0.0851063829787234), ('Kidnapping', 0.08156028368794327)]","[('Extortion', 0.0673758865248227), ('Land Grabbing', 0.0673758865248227), ('Drug Possession', 0.06382978723404255), ('ASSAULT', 0.06028368794326241), ('Industrial Hazards', 0.06028368794326241)]"
28,"[('ROBBERY', 0.14344262295081966), ('GANG_VIOLENCE', 0.14344262295081966), ('SNATCHING', 0.12704918032786885), ('MURDER', 0.09836065573770492), ('Drug Possession', 0.0860655737704918)]","[('Political Violence', 0.06557377049180328), ('Land Grabbing', 0.06147540983606557), ('Kidnapping', 0.04918032786885246), ('ASSAULT', 0.040983606557377046), ('Industrial Hazards', 0.036885245901639344)]"
29,"[('THEFT', 0.1566265060240964), ('SNATCHING', 0.1285140562248996), ('GANG_VIOLENCE', 0.12048192771084337), ('MURDER', 0.12048192771084337), ('ROBBERY', 0.10441767068273092)]","[('Industrial Hazards', 0.05622489959839357), ('Extortion', 0.04819277108433735), ('Political Violence', 0.04819277108433735), ('Land Grabbing', 0.04417670682730924), ('Drug Possession', 0.0321285140562249)]"
30,"[('SNATCHING', 0.13406593406593406), ('ROBBERY', 0.12747252747252746), ('Industrial Hazards', 0.10989010989010989), ('MURDER', 0.1076923076923077), ('Drug Possession', 0.1010989010989011)]","[('Political Violence', 0.06373626373626373), ('Kidnapping', 0.06153846153846154), ('Land Grabbing', 0.05934065934065934), ('Extortion', 0.04395604395604396), ('ASSAULT', 0.03956043956043956)]"
31,"[('ROBBERY', 0.1276595744680851), ('GANG_VIOLENCE', 0.11992263056092843), ('SNATCHING', 0.11992263056092843), ('MURDER', 0.11798839458413926), ('Industrial Hazards', 0.1102514506769826)]","[('Land Grabbing', 0.059961315280464215), ('Extortion', 0.05222437137330754), ('Political Violence', 0.048355899419729204), ('THEFT', 0.04642166344294004), ('ASSAULT', 0.04448742746615087)]"
32,"[('GANG_VIOLENCE', 0.13658536585365855), ('ROBBERY', 0.13170731707317074), ('MURDER', 0.11219512195121951), ('Extortion', 0.0975609756097561), ('THEFT', 0.09268292682926829)]","[('SNATCHING', 0.06829268292682927), ('Industrial Hazards', 0.06829268292682927), ('Drug Possession', 0.06341463414634146), ('Political Violence', 0.04878048780487805), ('Kidnapping', 0.03414634146341464)]"
33,"[('SNATCHING', 0.4157814871016692), ('ROBBERY', 0.37329286798179057), ('GANG_VIOLENCE', 0.0409711684370258), ('MURDER', 0.030349013657056147), ('THEFT', 0.02276176024279211)]","[('Kidnapping', 0.018209408194233688), ('Drug Possession', 0.01669195751138088), ('ASSAULT', 0.015174506828528073), ('Political Violence', 0.015174506828528073), ('Industrial Hazards', 0.012139605462822459)]"
34,"[('Industrial Theft', 0.6939597315436241), ('GANG_VIOLENCE', 0.03758389261744966), ('ROBBERY', 0.036241610738255034), ('MURDER', 0.03355704697986577), ('Industrial Hazards', 0.02953020134228188)]","[('Kidnapping', 0.020134228187919462), ('Extortion', 0.01879194630872483), ('ASSAULT', 0.0174496644295302), ('Political Violence', 0.0174496644295302), ('Drug Possession', 0.016107382550335572)]"
35,"[('ROBBERY', 0.16230366492146597), ('GANG_VIOLENCE', 0.1518324607329843), ('MURDER', 0.09947643979057591), ('ASSAULT', 0.08376963350785341), ('THEFT', 0.08376963350785341)]","[('Drug Possession', 0.07853403141361257), ('Extortion', 0.05759162303664921), ('SNATCHING', 0.041884816753926704), ('Political Violence', 0.041884816753926704), ('Industrial Hazards', 0.041884816753926704)]"
36,"[('GANG_VIOLENCE', 0.15714285714285714), ('ROBBERY', 0.14821428571428572), ('MURDER', 0.11428571428571428), ('THEFT', 0.08928571428571429), ('Extortion', 0.08928571428571429)]","[('ASSAULT', 0.05892857142857143), ('Drug Possession', 0.055357142857142855), ('Political Violence', 0.05357142857142857), ('Kidnapping', 0.05178571428571429), ('Land Grabbing', 0.05)]"
37,"[('ROBBERY', 0.14181818181818182), ('GANG_VIOLENCE', 0.12), ('MURDER', 0.11272727272727273), ('SNATCHING', 0.08727272727272728), ('Kidnapping', 0.07636363636363637)]","[('Political Violence', 0.07272727272727272), ('THEFT', 0.06545454545454546), ('Industrial Hazards', 0.06545454545454546), ('Extortion', 0.06181818181818182), ('Land Grabbing', 0.04363636363636364)]"
38,"[('GANG_VIOLENCE', 0.1497326203208556), ('MURDER', 0.13368983957219252), ('Industrial Hazards', 0.0962566844919786), ('Political Violence', 0.09090909090909091), ('SNATCHING', 0.0855614973262032)]","[('ROBBERY', 0.06951871657754011), ('THEFT', 0.06417112299465241), ('Kidnapping', 0.058823529411764705), ('Extortion', 0.0481283422459893), ('Drug Possession', 0.0427807486631016)]"
39,"[('MURDER', 0.15748031496062992), ('GANG_VIOLENCE', 0.14435695538057744), ('ASSAULT', 0.09186351706036745), ('SNATCHING', 0.08136482939632546), ('Extortion', 0.07874015748031496)]","[('Drug Possession', 0.07086614173228346), ('Land Grabbing', 0.06036745406824147), ('Kidnapping', 0.05774278215223097), ('Political Violence', 0.05511811023622047), ('Industrial Hazards', 0.05249343832020997)]"
40,"[('MURDER', 0.14717741935483872), ('ROBBERY', 0.14717741935483872), ('GANG_VIOLENCE', 0.12701612903225806), ('Land Grabbing', 0.07661290322580645), ('Kidnapping', 0.07661290322580645)]","[('ASSAULT', 0.06653225806451613), ('Industrial Hazards', 0.06048387096774194), ('Political Violence', 0.05443548387096774), ('THEFT', 0.05443548387096774), ('Drug Possession', 0.04838709677419355)]"
41,"[('MURDER', 0.14705882352941177), ('GANG_VIOLENCE', 0.1411764705882353), ('ROBBERY', 0.13529411764705881), ('Industrial Hazards', 0.09215686274509804), ('Political Violence', 0.07450980392156863)]","[('Land Grabbing', 0.06274509803921569), ('ASSAULT', 0.058823529411764705), ('Kidnapping', 0.052941176470588235), ('Drug Possession', 0.052941176470588235), ('THEFT', 0.050980392156862744)]"
42,"[('MURDER', 0.11808118081180811), ('GANG_VIOLENCE', 0.11808118081180811), ('ROBBERY', 0.1033210332103321), ('ASSAULT', 0.08856088560885608), ('THEFT', 0.08118081180811808)]","[('Kidnapping', 0.07011070110701106), ('Political Violence', 0.06642066420664207), ('SNATCHING', 0.06642066420664207), ('Land Grabbing', 0.06642066420664207), ('Extortion', 0.06273062730627306)]"
43,"[('ROBBERY', 0.12857142857142856), ('THEFT', 0.11428571428571428), ('SNATCHING', 0.10714285714285714), ('MURDER', 0.10357142857142858), ('GANG_VIOLENCE', 0.09642857142857143)]","[('Drug Possession', 0.06785714285714285), ('Kidnapping', 0.06428571428571428), ('Extortion', 0.060714285714285714), ('Land Grabbing', 0.05357142857142857), ('Industrial Hazards', 0.04285714285714286)]"
44,"[('ROBBERY', 0.1511627906976744), ('THEFT', 0.13372093023255813), ('GANG_VIOLENCE', 0.13372093023255813), ('MURDER', 0.12790697674418605), ('SNATCHING', 0.09302325581395349)]","[('Kidnapping', 0.05232558139534884), ('Extortion', 0.046511627906976744), ('Land Grabbing', 0.040697674418604654), ('ASSAULT', 0.03488372093023256), ('Drug Possession', 0.029069767441860465)]"
45,"[('GANG_VIOLENCE', 0.1606425702811245), ('SNATCHING', 0.14056224899598393), ('ROBBERY', 0.12048192771084337), ('THEFT', 0.12048192771084337), ('MURDER', 0.10040160642570281)]","[('Industrial Hazards', 0.060240963855421686), ('Kidnapping', 0.05622489959839357), ('Extortion', 0.04819277108433735), ('ASSAULT', 0.0321285140562249), ('Drug Possession', 0.020080321285140562)]"
46,"[('GANG_VIOLENCE', 0.15555555555555556), ('ROBBERY', 0.11851851851851852), ('SNATCHING', 0.11481481481481481), ('THEFT', 0.10740740740740741), ('MURDER', 0.08518518518518518)]","[('Kidnapping', 0.06296296296296296), ('Political Violence', 0.06296296296296296), ('ASSAULT', 0.05185185185185185), ('Industrial Hazards', 0.04814814814814815), ('Extortion', 0.044444444444444446)]"
47,"[('GANG_VIOLENCE', 0.1324200913242009), ('SNATCHING', 0.1278538812785388), ('THEFT', 0.1187214611872146), ('ROBBERY', 0.1141552511415525), ('MURDER', 0.091324200913242)]","[('Political Violence', 0.0639269406392694), ('Kidnapping', 0.0639269406392694), ('ASSAULT', 0.0502283105022831), ('Industrial Hazards', 0.0502283105022831), ('Drug Possession', 0.045662100456621)]"
48,"[('SNATCHING', 0.1206896551724138), ('MURDER', 0.11637931034482758), ('GANG_VIOLENCE', 0.11206896551724138), ('Political Violence', 0.10775862068965517), ('ROBBERY', 0.09913793103448276)]","[('Industrial Hazards', 0.07327586206896551), ('ASSAULT', 0.06896551724137931), ('Extortion', 0.06465517241379311), ('Land Grabbing', 0.04310344827586207), ('Drug Possession', 0.03017241379310345)]"
49,"[('GANG_VIOLENCE', 0.13679245283018868), ('SNATCHING', 0.1320754716981132), ('THEFT', 0.12735849056603774), ('MURDER', 0.09905660377358491), ('ROBBERY', 0.08490566037735849)]","[('ASSAULT', 0.07547169811320754), ('Political Violence', 0.0660377358490566), ('Extortion', 0.05188679245283019), ('Industrial Hazards', 0.0330188679245283), ('Kidnapping', 0.02830188679245283)]"
50,"[('GANG_VIOLENCE', 0.1407035175879397), ('MURDER', 0.1407035175879397), ('SNATCHING', 0.1306532663316583), ('ROBBERY', 0.12562814070351758), ('THEFT', 0.08542713567839195)]","[('ASSAULT', 0.06030150753768844), ('Extortion', 0.05025125628140704), ('Political Violence', 0.05025125628140704), ('Kidnapping', 0.04522613065326633), ('Industrial Hazards', 0.04020100502512563)]"
51,"[('THEFT', 0.13885180240320427), ('SNATCHING', 0.1348464619492657), ('GANG_VIOLENCE', 0.11882510013351134), ('ROBBERY', 0.10013351134846461), ('MURDER', 0.08945260347129506)]","[('ASSAULT', 0.06275033377837116), ('Land Grabbing', 0.05740987983978638), ('Drug Possession', 0.05473965287049399), ('Political Violence', 0.0520694259012016), ('Extortion', 0.050734312416555405)]"
52,"[('SNATCHING', 0.13389121338912133), ('ROBBERY', 0.13389121338912133), ('GANG_VIOLENCE', 0.1297071129707113), ('THEFT', 0.1087866108786611), ('MURDER', 0.09205020920502092)]","[('ASSAULT', 0.06276150627615062), ('Political Violence', 0.05439330543933055), ('Kidnapping', 0.04602510460251046), ('Industrial Hazards', 0.03765690376569038), ('Drug Possession', 0.03765690376569038)]"
53,"[('ROBBERY', 0.15853658536585366), ('SNATCHING', 0.14634146341463414), ('MURDER', 0.12195121951219512), ('GANG_VIOLENCE', 0.11585365853658537), ('THEFT', 0.10365853658536585)]","[('Political Violence', 0.06097560975609756), ('ASSAULT', 0.04878048780487805), ('Kidnapping', 0.042682926829268296), ('Industrial Hazards', 0.036585365853658534), ('Land Grabbing', 0.024390243902439025)]"
54,"[('MURDER', 0.13853503184713375), ('THEFT', 0.1321656050955414), ('GANG_VIOLENCE', 0.11146496815286625), ('ROBBERY', 0.10509554140127389), ('SNATCHING', 0.09713375796178345)]","[('Drug Possession', 0.06050955414012739), ('Land Grabbing', 0.05573248407643312), ('Extortion', 0.054140127388535034), ('Political Violence', 0.052547770700636945), ('Industrial Hazards', 0.04777070063694268)]"
55,"[('MURDER', 0.14121037463976946), ('ROBBERY', 0.13256484149855907), ('GANG_VIOLENCE', 0.1239193083573487), ('THEFT', 0.10230547550432277), ('SNATCHING', 0.0936599423631124)]","[('Political Violence', 0.06195965417867435), ('Drug Possession', 0.05475504322766571), ('Land Grabbing', 0.053314121037463975), ('Kidnapping', 0.053314121037463975), ('ASSAULT', 0.04610951008645533)]"
56,"[('ROBBERY', 0.15246636771300448), ('MURDER', 0.13004484304932734), ('THEFT', 0.09865470852017937), ('SNATCHING', 0.09417040358744394), ('GANG_VIOLENCE', 0.08968609865470852)]","[('Extortion', 0.07174887892376682), ('Land Grabbing', 0.06726457399103139), ('ASSAULT', 0.06726457399103139), ('Industrial Hazards', 0.04484304932735426), ('Drug Possession', 0.04035874439461883)]"
57,"[('SNATCHING', 0.16883116883116883), ('THEFT', 0.1341991341991342), ('ROBBERY', 0.11688311688311688), ('MURDER', 0.09956709956709957), ('GANG_VIOLENCE', 0.07792207792207792)]","[('Industrial Hazards', 0.06926406926406926), ('Political Violence', 0.06060606060606061), ('Drug Possession', 0.05194805194805195), ('Kidnapping', 0.05194805194805195), ('Land Grabbing', 0.021645021645021644)]"
58,"[('THEFT', 0.16847826086956522), ('ROBBERY', 0.14673913043478262), ('MURDER', 0.125), ('GANG_VIOLENCE', 0.11956521739130435), ('SNATCHING', 0.08695652173913043)]","[('Industrial Hazards', 0.05434782608695652), ('Extortion', 0.05434782608695652), ('Kidnapping', 0.04891304347826087), ('Drug Possession', 0.03260869565217391), ('Political Violence', 0.03260869565217391)]"
59,"[('MURDER', 0.1506849315068493), ('THEFT', 0.1278538812785388), ('GANG_VIOLENCE', 0.1141552511415525), ('SNATCHING', 0.1004566210045662), ('ROBBERY', 0.0958904109589041)]","[('Industrial Hazards', 0.0639269406392694), ('Extortion', 0.0593607305936073), ('ASSAULT', 0.0502283105022831), ('Land Grabbing', 0.0410958904109589), ('Kidnapping', 0.0365296803652968)]"
60,"[('THEFT', 0.12759643916913946), ('MURDER', 0.12314540059347182), ('ROBBERY', 0.12166172106824925), ('SNATCHING', 0.1172106824925816), ('GANG_VIOLENCE', 0.1142433234421365)]","[('Drug Possession', 0.06231454005934718), ('Political Violence', 0.05341246290801187), ('Extortion', 0.04896142433234421), ('Industrial Hazards', 0.04599406528189911), ('Kidnapping', 0.037091988130563795)]"
61,"[('ROBBERY', 0.13656387665198239), ('MURDER', 0.11013215859030837), ('SNATCHING', 0.11013215859030837), ('GANG_VIOLENCE', 0.10572687224669604), ('Land Grabbing', 0.10572687224669604)]","[('Political Violence', 0.07048458149779736), ('Extortion', 0.05286343612334802), ('Kidnapping', 0.05286343612334802), ('Drug Possession', 0.048458149779735685), ('Industrial Hazards', 0.039647577092511016)]"
62,"[('SNATCHING', 0.13596491228070176), ('ROBBERY', 0.12280701754385964), ('MURDER', 0.10526315789473684), ('GANG_VIOLENCE', 0.10526315789473684), ('Political Violence', 0.10087719298245613)]","[('Extortion', 0.06578947368421052), ('Drug Possession', 0.06578947368421052), ('Industrial Hazards', 0.05701754385964912), ('Kidnapping', 0.05263157894736842), ('Land Grabbing', 0.03070175438596491)]"
63,"[('THEFT', 0.12301587301587301), ('GANG_VIOLENCE', 0.11904761904761904), ('MURDER', 0.11904761904761904), ('ROBBERY', 0.11507936507936507), ('SNATCHING', 0.10714285714285714)]","[('Drug Possession', 0.06746031746031746), ('Kidnapping', 0.05952380952380952), ('ASSAULT', 0.051587301587301584), ('Land Grabbing', 0.047619047619047616), ('Industrial Hazards', 0.04365079365079365)]"
64,"[('GANG_VIOLENCE', 0.1276595744680851), ('SNATCHING', 0.12340425531914893), ('MURDER', 0.12340425531914893), ('THEFT', 0.12340425531914893), ('ROBBERY', 0.09787234042553192)]","[('Extortion', 0.06382978723404255), ('Drug Possession', 0.05106382978723404), ('Land Grabbing', 0.05106382978723404), ('Political Violence', 0.04680851063829787), ('Industrial Hazards', 0.03404255319148936)]"
65,"[('GANG_VIOLENCE', 0.14948453608247422), ('SNATCHING', 0.13402061855670103), ('ROBBERY', 0.12886597938144329), ('THEFT', 0.1134020618556701), ('Political Violence', 0.09278350515463918)]","[('Industrial Hazards', 0.05670103092783505), ('Kidnapping', 0.05670103092783505), ('ASSAULT', 0.05154639175257732), ('Drug Possession', 0.041237113402061855), ('Land Grabbing', 0.020618556701030927)]"
66,"[('GANG_VIOLENCE', 0.1507537688442211), ('MURDER', 0.1407035175879397), ('Political Violence', 0.10050251256281408), ('SNATCHING', 0.09045226130653267), ('Drug Possession', 0.08542713567839195)]","[('Extortion', 0.06532663316582915), ('Kidnapping', 0.06030150753768844), ('ROBBERY', 0.06030150753768844), ('Industrial Hazards', 0.05527638190954774), ('Land Grabbing', 0.05527638190954774)]"
67,"[('GANG_VIOLENCE', 0.17680608365019013), ('MURDER', 0.1311787072243346), ('Drug Possession', 0.0817490494296578), ('Kidnapping', 0.07984790874524715), ('ROBBERY', 0.07224334600760456)]","[('ASSAULT', 0.06844106463878327), ('Extortion', 0.06653992395437262), ('Industrial Hazards', 0.06653992395437262), ('SNATCHING', 0.06653992395437262), ('Land Grabbing', 0.049429657794676805)]"
68,"[('MURDER', 0.16972477064220184), ('GANG_VIOLENCE', 0.14220183486238533), ('Industrial Hazards', 0.10550458715596331), ('SNATCHING', 0.07339449541284404), ('ROBBERY', 0.07339449541284404)]","[('Land Grabbing', 0.06880733944954129), ('Drug Possession', 0.06422018348623854), ('THEFT', 0.05963302752293578), ('ASSAULT', 0.05963302752293578), ('Kidnapping', 0.045871559633027525)]"
69,"[('MURDER', 0.1430274135876043), ('GANG_VIOLENCE', 0.12693682955899882), ('Kidnapping', 0.07717520858164481), ('THEFT', 0.0765792610250298), ('Drug Possession', 0.07628128724672228)]","[('Extortion', 0.07210965435041716), ('Political Violence', 0.07121573301549464), ('Industrial Hazards', 0.07061978545887962), ('ASSAULT', 0.06853396901072706), ('ROBBERY', 0.06823599523241955)]"
70,"[('MURDER', 0.13822894168466524), ('GANG_VIOLENCE', 0.13390928725701945), ('Kidnapping', 0.08423326133909287), ('Extortion', 0.08207343412526998), ('Land Grabbing', 0.07991360691144708)]","[('Political Violence', 0.06911447084233262), ('ASSAULT', 0.06911447084233262), ('ROBBERY', 0.06695464362850972), ('Industrial Hazards', 0.06263498920086392), ('SNATCHING', 0.058315334773218146)]"
71,"[('MURDER', 0.15208333333333332), ('GANG_VIOLENCE', 0.14166666666666666), ('ROBBERY', 0.08541666666666667), ('ASSAULT', 0.07916666666666666), ('THEFT', 0.07708333333333334)]","[('Political Violence', 0.07083333333333333), ('Land Grabbing', 0.06875), ('Kidnapping', 0.06458333333333334), ('Extortion', 0.06041666666666667), ('Industrial Hazards', 0.05416666666666667)]"
72,"[('GANG_VIOLENCE', 0.24324324324324326), ('MURDER', 0.11891891891891893), ('Kidnapping', 0.0972972972972973), ('ASSAULT', 0.08648648648648649), ('Drug Possession', 0.07567567567567568)]","[('SNATCHING', 0.05945945945945946), ('ROBBERY', 0.05405405405405406), ('Industrial Hazards', 0.05405405405405406), ('Political Violence', 0.05405405405405406), ('THEFT', 0.03783783783783784)]"
73,"[('GANG_VIOLENCE', 0.15476190476190477), ('MURDER', 0.14682539682539683), ('ROBBERY', 0.09523809523809523), ('Industrial Hazards', 0.0873015873015873), ('Extortion', 0.07142857142857142)]","[('Political Violence', 0.06746031746031746), ('ASSAULT', 0.06349206349206349), ('Drug Possession', 0.05952380952380952), ('SNATCHING', 0.05555555555555555), ('Kidnapping', 0.05555555555555555)]"
74,"[('GANG_VIOLENCE', 0.18099547511312217), ('MURDER', 0.17194570135746606), ('Extortion', 0.09049773755656108), ('ROBBERY', 0.08144796380090498), ('Land Grabbing', 0.07692307692307693)]","[('THEFT', 0.058823529411764705), ('ASSAULT', 0.058823529411764705), ('Industrial Hazards', 0.058823529411764705), ('Drug Possession', 0.049773755656108594), ('SNATCHING', 0.03167420814479638)]"
75,"[('GANG_VIOLENCE', 0.1278538812785388), ('MURDER', 0.1095890410958904), ('ROBBERY', 0.1050228310502283), ('THEFT', 0.091324200913242), ('Political Violence', 0.091324200913242)]","[('Extortion', 0.0730593607305936), ('SNATCHING', 0.0684931506849315), ('Drug Possession', 0.0684931506849315), ('Industrial Hazards', 0.0639269406392694), ('Kidnapping', 0.0410958904109589)]"
76,"[('MURDER', 0.12704918032786885), ('GANG_VIOLENCE', 0.11475409836065574), ('Industrial Hazards', 0.10245901639344263), ('THEFT', 0.09836065573770492), ('ASSAULT', 0.08196721311475409)]","[('Extortion', 0.07377049180327869), ('Kidnapping', 0.06967213114754098), ('SNATCHING', 0.06557377049180328), ('ROBBERY', 0.06557377049180328), ('Drug Possession', 0.04918032786885246)]"
77,"[('GANG_VIOLENCE', 0.15315315315315314), ('MURDER', 0.14414414414414414), ('Kidnapping', 0.0990990990990991), ('ASSAULT', 0.08108108108108109), ('THEFT', 0.07657657657657657)]","[('Extortion', 0.06756756756756757), ('Political Violence', 0.06756756756756757), ('Land Grabbing', 0.06306306306306306), ('SNATCHING', 0.06306306306306306), ('Drug Possession', 0.04504504504504504)]"
78,"[('GANG_VIOLENCE', 0.11764705882352941), ('MURDER', 0.11764705882352941), ('Land Grabbing', 0.11229946524064172), ('Extortion', 0.10160427807486631), ('Drug Possession', 0.09090909090909091)]","[('SNATCHING', 0.08021390374331551), ('Political Violence', 0.058823529411764705), ('Kidnapping', 0.053475935828877004), ('ROBBERY', 0.053475935828877004), ('ASSAULT', 0.0481283422459893)]"
79,"[('MURDER', 0.14864864864864866), ('Extortion', 0.10810810810810811), ('GANG_VIOLENCE', 0.10810810810810811), ('Land Grabbing', 0.0945945945945946), ('Kidnapping', 0.0945945945945946)]","[('Industrial Hazards', 0.07657657657657657), ('ROBBERY', 0.05855855855855856), ('ASSAULT', 0.05855855855855856), ('Political Violence', 0.04504504504504504), ('Drug Possession', 0.036036036036036036)]"
80,"[('MURDER', 0.13765182186234817), ('GANG_VIOLENCE', 0.1214574898785425), ('THEFT', 0.09716599190283401), ('Drug Possession', 0.0931174089068826), ('SNATCHING', 0.08097165991902834)]","[('Extortion', 0.0728744939271255), ('Land Grabbing', 0.06477732793522267), ('ROBBERY', 0.06072874493927125), ('Kidnapping', 0.06072874493927125), ('Political Violence', 0.05263157894736842)]"
81,"[('GANG_VIOLENCE', 0.14953271028037382), ('MURDER', 0.11214953271028037), ('Drug Possession', 0.102803738317757), ('SNATCHING', 0.09345794392523364), ('Land Grabbing', 0.08411214953271028)]","[('THEFT', 0.07476635514018691), ('ASSAULT', 0.07009345794392523), ('Industrial Hazards', 0.056074766355140186), ('Political Violence', 0.0514018691588785), ('Extortion', 0.0514018691588785)]"
82,"[('MURDER', 0.1743119266055046), ('GANG_VIOLENCE', 0.12844036697247707), ('Extortion', 0.11009174311926606), ('Kidnapping', 0.09174311926605505), ('ROBBERY', 0.0871559633027523)]","[('Industrial Hazards', 0.06422018348623854), ('SNATCHING', 0.05963302752293578), ('THEFT', 0.05045871559633028), ('ASSAULT', 0.04128440366972477), ('Drug Possession', 0.04128440366972477)]"
83,"[('GANG_VIOLENCE', 0.16299559471365638), ('SNATCHING', 0.1145374449339207), ('Extortion', 0.10572687224669604), ('Industrial Hazards', 0.0881057268722467), ('THEFT', 0.0881057268722467)]","[('Drug Possession', 0.06607929515418502), ('Political Violence', 0.06167400881057269), ('ROBBERY', 0.05726872246696035), ('Land Grabbing', 0.05286343612334802), ('Kidnapping', 0.05286343612334802)]"
84,"[('GANG_VIOLENCE', 0.14634146341463414), ('MURDER', 0.14146341463414633), ('Political Violence', 0.08780487804878048), ('Kidnapping', 0.08292682926829269), ('ROBBERY', 0.07804878048780488)]","[('ASSAULT', 0.06829268292682927), ('THEFT', 0.06829268292682927), ('Extortion', 0.06829268292682927), ('Industrial Hazards', 0.06341463414634146), ('SNATCHING', 0.04390243902439024)]"
85,"[('MURDER', 0.14678899082568808), ('GANG_VIOLENCE', 0.10091743119266056), ('Land Grabbing', 0.0963302752293578), ('Kidnapping', 0.09174311926605505), ('SNATCHING', 0.09174311926605505)]","[('Extortion', 0.0779816513761468), ('Drug Possession', 0.07339449541284404), ('ASSAULT', 0.06422018348623854), ('Political Violence', 0.045871559633027525), ('Industrial Hazards', 0.03669724770642202)]"
86,"[('MURDER', 0.14847161572052403), ('GANG_VIOLENCE', 0.14847161572052403), ('Industrial Hazards', 0.09606986899563319), ('Political Violence', 0.09170305676855896), ('Drug Possession', 0.07860262008733625)]","[('Land Grabbing', 0.06550218340611354), ('Kidnapping', 0.06550218340611354), ('THEFT', 0.0611353711790393), ('ASSAULT', 0.05240174672489083), ('Extortion', 0.05240174672489083)]"
87,"[('GANG_VIOLENCE', 0.1590909090909091), ('MURDER', 0.15151515151515152), ('ROBBERY', 0.10227272727272728), ('Extortion', 0.08712121212121213), ('SNATCHING', 0.08333333333333333)]","[('Land Grabbing', 0.06439393939393939), ('Industrial Hazards', 0.06060606060606061), ('ASSAULT', 0.056818181818181816), ('Drug Possession', 0.05303030303030303), ('THEFT', 0.045454545454545456)]"
88,"[('GANG_VIOLENCE', 0.1375), ('MURDER', 0.13125), ('Kidnapping', 0.11666666666666667), ('SNATCHING', 0.10833333333333334), ('Extortion', 0.1)]","[('Industrial Hazards', 0.0625), ('Drug Possession', 0.06041666666666667), ('ASSAULT', 0.05625), ('Political Violence', 0.04375), ('THEFT', 0.041666666666666664)]"
89,"[('GANG_VIOLENCE', 0.1278118609406953), ('THEFT', 0.1165644171779141), ('ROBBERY', 0.10531697341513292), ('SNATCHING', 0.10020449897750511), ('MURDER', 0.09713701431492842)]","[('Political Violence', 0.06646216768916155), ('ASSAULT', 0.06339468302658487), ('Land Grabbing', 0.06237218813905931), ('Extortion', 0.06032719836400818), ('Industrial Hazards', 0.06032719836400818)]"
90,"[('MURDER', 0.14877745544964774), ('GANG_VIOLENCE', 0.14463323663489433), ('Extortion', 0.11065064235391629), ('SNATCHING', 0.10774968918358889), ('ROBBERY', 0.1027766266058848)]","[('ASSAULT', 0.050973891421467056), ('Industrial Hazards', 0.048901782014090345), ('THEFT', 0.04807293825113966), ('Political Violence', 0.047244094488188976), ('Land Grabbing', 0.03771239121425611)]"
91,"[('MURDER', 0.1485148514851485), ('GANG_VIOLENCE', 0.1456859971711457), ('ROBBERY', 0.11456859971711457), ('SNATCHING', 0.10891089108910891), ('Extortion', 0.10891089108910891)]","[('Land Grabbing', 0.04950495049504951), ('ASSAULT', 0.04667609618104668), ('THEFT', 0.04526166902404526), ('Industrial Hazards', 0.04101838755304102), ('Drug Possession', 0.031117397454031116)]"
92,"[('MURDER', 0.16926503340757237), ('GANG_VIOLENCE', 0.133630289532294), ('Extortion', 0.111358574610245), ('SNATCHING', 0.10467706013363029), ('ROBBERY', 0.0935412026726058)]","[('Political Violence', 0.05790645879732739), ('Drug Possession', 0.04899777282850779), ('Land Grabbing', 0.04899777282850779), ('ASSAULT', 0.0467706013363029), ('Industrial Hazards', 0.0334075723830735)]"
93,"[('GANG_VIOLENCE', 0.17335766423357665), ('MURDER', 0.1386861313868613), ('SNATCHING', 0.1259124087591241), ('Extortion', 0.09854014598540146), ('ROBBERY', 0.0948905109489051)]","[('Industrial Hazards', 0.051094890510948905), ('THEFT', 0.04927007299270073), ('Political Violence', 0.04562043795620438), ('ASSAULT', 0.041970802919708027), ('Land Grabbing', 0.03832116788321168)]"
94,"[('GANG_VIOLENCE', 0.16898954703832753), ('MURDER', 0.14285714285714285), ('Kidnapping', 0.10801393728222997), ('SNATCHING', 0.10452961672473868), ('Extortion', 0.10278745644599303)]","[('ASSAULT', 0.05574912891986063), ('Political Violence', 0.05400696864111498), ('Drug Possession', 0.04878048780487805), ('THEFT', 0.03484320557491289), ('Industrial Hazards', 0.03484320557491289)]"
95,"[('GANG_VIOLENCE', 0.1747787610619469), ('MURDER', 0.13053097345132744), ('ROBBERY', 0.11061946902654868), ('Extortion', 0.10398230088495575), ('SNATCHING', 0.09955752212389381)]","[('Land Grabbing', 0.05309734513274336), ('Drug Possession', 0.048672566371681415), ('ASSAULT', 0.0420353982300885), ('THEFT', 0.0420353982300885), ('Political Violence', 0.03761061946902655)]"
96,"[('ROBBERY', 0.12453760789149199), ('MURDER', 0.1220715166461159), ('SNATCHING', 0.11344019728729964), ('GANG_VIOLENCE', 0.10974106041923551), ('THEFT', 0.10850801479654747)]","[('Land Grabbing', 0.06411837237977805), ('Kidnapping', 0.06165228113440197), ('ASSAULT', 0.06041923551171394), ('Industrial Hazards', 0.05055487053020962), ('Extortion', 0.04315659679408138)]"
97,"[('ROBBERY', 0.13378684807256236), ('THEFT', 0.12585034013605442), ('GANG_VIOLENCE', 0.10770975056689343), ('SNATCHING', 0.10657596371882086), ('MURDER', 0.09863945578231292)]","[('Kidnapping', 0.06235827664399093), ('Political Violence', 0.060090702947845805), ('Land Grabbing', 0.05895691609977324), ('Drug Possession', 0.05215419501133787), ('ASSAULT', 0.05102040816326531)]"
98,"[('GANG_VIOLENCE', 0.15873015873015872), ('MURDER', 0.14682539682539683), ('Extortion', 0.11904761904761904), ('SNATCHING', 0.10119047619047619), ('Kidnapping', 0.09523809523809523)]","[('Political Violence', 0.05555555555555555), ('Drug Possession', 0.051587301587301584), ('ASSAULT', 0.0496031746031746), ('Land Grabbing', 0.03968253968253968), ('Industrial Hazards', 0.03373015873015873)]"
99,"[('GANG_VIOLENCE', 0.1471264367816092), ('MURDER', 0.12643678160919541), ('ROBBERY', 0.12413793103448276), ('Kidnapping', 0.10574712643678161), ('Extortion', 0.0896551724137931)]","[('ASSAULT', 0.05747126436781609), ('Drug Possession', 0.05057471264367816), ('Political Violence', 0.05057471264367816), ('Land Grabbing', 0.05057471264367816), ('THEFT', 0.04597701149425287)]"
100,"[('GANG_VIOLENCE', 0.16774193548387098), ('MURDER', 0.12903225806451613), ('ROBBERY', 0.12043010752688173), ('Extortion', 0.09247311827956989), ('SNATCHING', 0.08387096774193549)]","[('ASSAULT', 0.06451612903225806), ('Drug Possession', 0.060215053763440864), ('Land Grabbing', 0.047311827956989246), ('THEFT', 0.043010752688172046), ('Political Violence', 0.04086021505376344)]"
101,"[('Political Violence', 0.7287066246056783), ('GANG_VIOLENCE', 0.04942166140904311), ('MURDER', 0.0473186119873817), ('ROBBERY', 0.0452155625657203), ('Kidnapping', 0.022082018927444796)]","[('THEFT', 0.01892744479495268), ('ASSAULT', 0.013669821240799159), ('Drug Possession', 0.013669821240799159), ('Land Grabbing', 0.00946372239747634), ('Extortion', 0.00946372239747634)]"
102,"[('MURDER', 0.16981132075471697), ('ROBBERY', 0.12578616352201258), ('GANG_VIOLENCE', 0.11740041928721175), ('Political Violence', 0.10482180293501048), ('Kidnapping', 0.07127882599580712)]","[('Land Grabbing', 0.06289308176100629), ('THEFT', 0.05870020964360587), ('SNATCHING', 0.05870020964360587), ('Drug Possession', 0.05241090146750524), ('Industrial Hazards', 0.04821802935010482)]"
103,"[('MURDER', 0.1723009814612868), ('GANG_VIOLENCE', 0.14830970556161396), ('ROBBERY', 0.13195201744820065), ('Political Violence', 0.11232279171210469), ('Industrial Hazards', 0.06652126499454744)]","[('Extortion', 0.05343511450381679), ('Kidnapping', 0.05125408942202835), ('Land Grabbing', 0.05016357688113413), ('THEFT', 0.04580152671755725), ('SNATCHING', 0.04471101417666303)]"
104,"[('ROBBERY', 0.3978494623655914), ('Ethnic Conflict', 0.34946236559139787), ('MURDER', 0.05017921146953405), ('GANG_VIOLENCE', 0.03763440860215054), ('Political Violence', 0.03136200716845878)]","[('Land Grabbing', 0.017025089605734768), ('THEFT', 0.014336917562724014), ('Extortion', 0.012544802867383513), ('Kidnapping', 0.011648745519713262), ('SNATCHING', 0.011648745519713262)]"
105,"[('MURDER', 0.1579925650557621), ('GANG_VIOLENCE', 0.13382899628252787), ('Political Violence', 0.12639405204460966), ('ROBBERY', 0.11152416356877323), ('THEFT', 0.0762081784386617)]","[('ASSAULT', 0.05762081784386617), ('Drug Possession', 0.05762081784386617), ('SNATCHING', 0.055762081784386616), ('Kidnapping', 0.05390334572490706), ('Industrial Hazards', 0.04460966542750929)]"
106,"[('MURDER', 0.17330210772833723), ('Political Violence', 0.12060889929742388), ('GANG_VIOLENCE', 0.11592505854800937), ('ROBBERY', 0.11007025761124122), ('Drug Possession', 0.07494145199063232)]","[('Industrial Hazards', 0.059718969555035126), ('THEFT', 0.0585480093676815), ('SNATCHING', 0.0585480093676815), ('Extortion', 0.05737704918032787), ('ASSAULT', 0.04566744730679157)]"
107,"[('MURDER', 0.28081123244929795), ('GANG_VIOLENCE', 0.2628705148205928), ('Political Violence', 0.2535101404056162), ('SNATCHING', 0.0358814352574103), ('Kidnapping', 0.035101404056162244)]","[('Industrial Hazards', 0.02106084243369735), ('ASSAULT', 0.0202808112324493), ('Drug Possession', 0.014040561622464899), ('THEFT', 0.0124804992199688), ('Land Grabbing', 0.01170046801872075)]"
108,"[('MURDER', 0.17647058823529413), ('Political Violence', 0.12244897959183673), ('ROBBERY', 0.1212484993997599), ('GANG_VIOLENCE', 0.11764705882352941), ('SNATCHING', 0.06842737094837935)]","[('Drug Possession', 0.061224489795918366), ('Kidnapping', 0.060024009603841535), ('THEFT', 0.05042016806722689), ('Industrial Hazards', 0.05042016806722689), ('Land Grabbing', 0.04081632653061224)]"
109,"[('THEFT', 0.3761467889908257), ('SNATCHING', 0.3703085904920767), ('MURDER', 0.045871559633027525), ('GANG_VIOLENCE', 0.045037531276063386), ('Kidnapping', 0.03419516263552961)]","[('Drug Possession', 0.01751459549624687), ('Political Violence', 0.015012510425354461), ('Land Grabbing', 0.013344453711426188), ('ASSAULT', 0.013344453711426188), ('Industrial Hazards', 0.008340283569641367)]"
110,"[('ROBBERY', 0.12674418604651164), ('MURDER', 0.11744186046511627), ('GANG_VIOLENCE', 0.11627906976744186), ('Drug Possession', 0.11395348837209303), ('Industrial Hazards', 0.10813953488372093)]","[('Political Violence', 0.05813953488372093), ('Kidnapping', 0.05581395348837209), ('Extortion', 0.05232558139534884), ('ASSAULT', 0.05), ('Land Grabbing', 0.04534883720930233)]"
111,"[('GANG_VIOLENCE', 0.1449814126394052), ('MURDER', 0.13382899628252787), ('SNATCHING', 0.13011152416356878), ('THEFT', 0.13011152416356878), ('Drug Possession', 0.08550185873605948)]","[('Kidnapping', 0.05947955390334572), ('Political Violence', 0.048327137546468404), ('Extortion', 0.048327137546468404), ('ASSAULT', 0.03717472118959108), ('Industrial Hazards', 0.03345724907063197)]"
112,"[('SNATCHING', 0.7307692307692307), ('GANG_VIOLENCE', 0.046703296703296704), ('Drug Possession', 0.03571428571428571), ('MURDER', 0.03296703296703297), ('THEFT', 0.027472527472527472)]","[('Industrial Hazards', 0.020146520146520148), ('Political Violence', 0.0173992673992674), ('ROBBERY', 0.016483516483516484), ('ASSAULT', 0.013736263736263736), ('Land Grabbing', 0.011904761904761904)]"
113,"[('Street Crimes', 0.7057591623036649), ('GANG_VIOLENCE', 0.04607329842931937), ('MURDER', 0.04397905759162304), ('SNATCHING', 0.0356020942408377), ('THEFT', 0.033507853403141365)]","[('Political Violence', 0.016753926701570682), ('Industrial Hazards', 0.015706806282722512), ('Kidnapping', 0.014659685863874346), ('Extortion', 0.012565445026178011), ('Land Grabbing', 0.011518324607329843)]"
114,"[('SNATCHING', 0.1702127659574468), ('Drug Possession', 0.14042553191489363), ('GANG_VIOLENCE', 0.14042553191489363), ('THEFT', 0.1276595744680851), ('MURDER', 0.09787234042553192)]","[('Industrial Hazards', 0.05106382978723404), ('Extortion', 0.04680851063829787), ('ROBBERY', 0.04680851063829787), ('Kidnapping', 0.03404255319148936), ('Land Grabbing', 0.02553191489361702)]"
115,"[('GANG_VIOLENCE', 0.15753424657534246), ('THEFT', 0.14840182648401826), ('MURDER', 0.1095890410958904), ('SNATCHING', 0.1050228310502283), ('Drug Possession', 0.10273972602739725)]","[('Extortion', 0.0547945205479452), ('Industrial Hazards', 0.05251141552511415), ('ROBBERY', 0.0502283105022831), ('ASSAULT', 0.04794520547945205), ('Kidnapping', 0.04337899543378995)]"
116,"[('ROBBERY', 0.12349726775956284), ('Industrial Hazards', 0.11912568306010929), ('GANG_VIOLENCE', 0.11693989071038251), ('SNATCHING', 0.11147540983606558), ('MURDER', 0.10273224043715846)]","[('Kidnapping', 0.06229508196721312), ('Political Violence', 0.06229508196721312), ('ASSAULT', 0.05573770491803279), ('Land Grabbing', 0.04590163934426229), ('THEFT', 0.04480874316939891)]"
117,"[('SNATCHING', 0.38883888388838883), ('THEFT', 0.38883888388838883), ('GANG_VIOLENCE', 0.046804680468046804), ('MURDER', 0.0369036903690369), ('Drug Possession', 0.024302430243024302)]","[('ASSAULT', 0.016201620162016202), ('Extortion', 0.016201620162016202), ('Kidnapping', 0.0153015301530153), ('ROBBERY', 0.0153015301530153), ('Industrial Hazards', 0.0153015301530153)]"
118,"[('GANG_VIOLENCE', 0.1788793103448276), ('MURDER', 0.14439655172413793), ('SNATCHING', 0.12931034482758622), ('Kidnapping', 0.10344827586206896), ('ROBBERY', 0.08620689655172414)]","[('THEFT', 0.05172413793103448), ('Land Grabbing', 0.04525862068965517), ('Drug Possession', 0.04525862068965517), ('Industrial Hazards', 0.04310344827586207), ('ASSAULT', 0.04310344827586207)]"
119,"[('MURDER', 0.16135458167330677), ('GANG_VIOLENCE', 0.15139442231075698), ('ROBBERY', 0.10557768924302789), ('Kidnapping', 0.099601593625498), ('SNATCHING', 0.09760956175298804)]","[('Industrial Hazards', 0.055776892430278883), ('THEFT', 0.055776892430278883), ('Drug Possession', 0.049800796812749), ('Land Grabbing', 0.04780876494023904), ('ASSAULT', 0.04183266932270916)]"
120,"[('MURDER', 0.16515837104072398), ('GANG_VIOLENCE', 0.13122171945701358), ('Extortion', 0.11538461538461539), ('ROBBERY', 0.11085972850678733), ('SNATCHING', 0.10180995475113122)]","[('ASSAULT', 0.049773755656108594), ('Land Grabbing', 0.049773755656108594), ('THEFT', 0.04524886877828054), ('Industrial Hazards', 0.042986425339366516), ('Political Violence', 0.027149321266968326)]"
121,"[('GANG_VIOLENCE', 0.15726495726495726), ('ROBBERY', 0.12478632478632479), ('MURDER', 0.12307692307692308), ('SNATCHING', 0.10427350427350428), ('Kidnapping', 0.09743589743589744)]","[('Land Grabbing', 0.05299145299145299), ('Political Violence', 0.05128205128205128), ('ASSAULT', 0.04957264957264957), ('THEFT', 0.042735042735042736), ('Industrial Hazards', 0.037606837606837605)]"
122,"[('ROBBERY', 0.13229571984435798), ('GANG_VIOLENCE', 0.1303501945525292), ('MURDER', 0.122568093385214), ('SNATCHING', 0.11089494163424124), ('Drug Possession', 0.07198443579766536)]","[('Political Violence', 0.06614785992217899), ('Land Grabbing', 0.06614785992217899), ('ASSAULT', 0.058365758754863814), ('Kidnapping', 0.05642023346303502), ('Industrial Hazards', 0.05058365758754864)]"
123,"[('GANG_VIOLENCE', 0.12522686025408347), ('ROBBERY', 0.12159709618874773), ('MURDER', 0.11796733212341198), ('SNATCHING', 0.10707803992740472), ('Extortion', 0.07985480943738657)]","[('THEFT', 0.06533575317604355), ('Land Grabbing', 0.06352087114337568), ('Drug Possession', 0.06170598911070781), ('Political Violence', 0.05989110707803993), ('ASSAULT', 0.0544464609800363)]"
124,"[('MURDER', 0.1383219954648526), ('GANG_VIOLENCE', 0.1360544217687075), ('SNATCHING', 0.11791383219954649), ('ROBBERY', 0.09977324263038549), ('Industrial Hazards', 0.08616780045351474)]","[('THEFT', 0.06575963718820861), ('Drug Possession', 0.05668934240362812), ('ASSAULT', 0.05215419501133787), ('Extortion', 0.049886621315192746), ('Political Violence', 0.049886621315192746)]"
125,"[('SNATCHING', 0.26889952153110047), ('ROBBERY', 0.2660287081339713), ('GANG_VIOLENCE', 0.06985645933014355), ('MURDER', 0.06411483253588517), ('Kidnapping', 0.05167464114832536)]","[('Political Violence', 0.042105263157894736), ('Extortion', 0.04114832535885168), ('Industrial Hazards', 0.03732057416267943), ('THEFT', 0.0354066985645933), ('ASSAULT', 0.03062200956937799)]"
126,"[('GANG_VIOLENCE', 0.14161220043572983), ('ROBBERY', 0.12854030501089325), ('MURDER', 0.11982570806100218), ('SNATCHING', 0.11764705882352941), ('Extortion', 0.07625272331154684)]","[('THEFT', 0.058823529411764705), ('Industrial Hazards', 0.05664488017429194), ('ASSAULT', 0.054466230936819175), ('Political Violence', 0.05228758169934641), ('Kidnapping', 0.04793028322440087)]"
127,"[('MURDER', 0.13982300884955753), ('ROBBERY', 0.13097345132743363), ('SNATCHING', 0.12035398230088495), ('GANG_VIOLENCE', 0.11858407079646018), ('Land Grabbing', 0.07079646017699115)]","[('Industrial Hazards', 0.06548672566371681), ('ASSAULT', 0.06017699115044248), ('THEFT', 0.0584070796460177), ('Extortion', 0.05309734513274336), ('Drug Possession', 0.047787610619469026)]"
128,"[('MURDER', 0.1791044776119403), ('GANG_VIOLENCE', 0.12153518123667377), ('SNATCHING', 0.11087420042643924), ('ROBBERY', 0.09594882729211088), ('Political Violence', 0.07889125799573561)]","[('THEFT', 0.05970149253731343), ('Kidnapping', 0.05970149253731343), ('Drug Possession', 0.05543710021321962), ('Industrial Hazards', 0.053304904051172705), ('Extortion', 0.0511727078891258)]"
129,"[('MURDER', 0.17653508771929824), ('SNATCHING', 0.125), ('ROBBERY', 0.12171052631578948), ('GANG_VIOLENCE', 0.11403508771929824), ('Industrial Hazards', 0.0668859649122807)]","[('THEFT', 0.05701754385964912), ('ASSAULT', 0.05592105263157895), ('Kidnapping', 0.05482456140350877), ('Political Violence', 0.0537280701754386), ('Extortion', 0.05043859649122807)]"
130,"[('MURDER', 0.16775126536514823), ('GANG_VIOLENCE', 0.1294287780187997), ('ROBBERY', 0.10845986984815618), ('SNATCHING', 0.10629067245119306), ('Drug Possession', 0.07230657989877079)]","[('Industrial Hazards', 0.0636297903109183), ('ASSAULT', 0.05929139551699204), ('Extortion', 0.05567606652205351), ('Political Violence', 0.05350686912509038), ('Kidnapping', 0.04772234273318872)]"
131,"[('MURDER', 0.16027088036117382), ('SNATCHING', 0.12866817155756208), ('GANG_VIOLENCE', 0.11060948081264109), ('ROBBERY', 0.10948081264108352), ('Drug Possession', 0.07787810383747178)]","[('THEFT', 0.062076749435665914), ('ASSAULT', 0.060948081264108354), ('Political Violence', 0.05756207674943566), ('Kidnapping', 0.04966139954853273), ('Extortion', 0.0417607223476298)]"
132,"[('MURDER', 0.18773946360153257), ('GANG_VIOLENCE', 0.12835249042145594), ('ROBBERY', 0.11302681992337164), ('SNATCHING', 0.09195402298850575), ('Drug Possession', 0.07279693486590039)]","[('ASSAULT', 0.05938697318007663), ('Kidnapping', 0.05938697318007663), ('Political Violence', 0.05747126436781609), ('Industrial Hazards', 0.05555555555555555), ('Extortion', 0.04980842911877394)]"
133,"[('MURDER', 0.16213275299238303), ('ROBBERY', 0.12404787812840043), ('GANG_VIOLENCE', 0.11969532100108814), ('SNATCHING', 0.11534276387377584), ('Political Violence', 0.06855277475516866)]","[('Drug Possession', 0.05984766050054407), ('Land Grabbing', 0.05984766050054407), ('THEFT', 0.056583242655059846), ('Kidnapping', 0.055495103373231776), ('ASSAULT', 0.05223068552774755)]"
134,"[('MURDER', 0.3982808022922636), ('ROBBERY', 0.39083094555873926), ('SNATCHING', 0.03495702005730659), ('GANG_VIOLENCE', 0.032664756446991405), ('Industrial Hazards', 0.021203438395415473)]","[('THEFT', 0.01833810888252149), ('Drug Possession', 0.017765042979942695), ('Political Violence', 0.016045845272206302), ('Land Grabbing', 0.016045845272206302), ('ASSAULT', 0.015472779369627506)]"
135,"[('MURDER', 0.1845841784989858), ('GANG_VIOLENCE', 0.12778904665314403), ('SNATCHING', 0.12373225152129817), ('ROBBERY', 0.11561866125760649), ('ASSAULT', 0.06896551724137931)]","[('Extortion', 0.056795131845841784), ('Political Violence', 0.05070993914807302), ('THEFT', 0.0486815415821501), ('Drug Possession', 0.04665314401622718), ('Industrial Hazards', 0.04462474645030426)]"
136,"[('MURDER', 0.14535901926444833), ('GANG_VIOLENCE', 0.14010507880910683), ('SNATCHING', 0.12084063047285463), ('ROBBERY', 0.10683012259194395), ('ASSAULT', 0.10507880910683012)]","[('Industrial Hazards', 0.06129597197898424), ('THEFT', 0.06129597197898424), ('Extortion', 0.047285464098073555), ('Political Violence', 0.03852889667250438), ('Land Grabbing', 0.03502626970227671)]"
137,"[('MURDER', 0.17560975609756097), ('GANG_VIOLENCE', 0.1278048780487805), ('ROBBERY', 0.10926829268292683), ('SNATCHING', 0.10439024390243902), ('Kidnapping', 0.06829268292682927)]","[('ASSAULT', 0.0624390243902439), ('Extortion', 0.05951219512195122), ('Political Violence', 0.05658536585365854), ('THEFT', 0.05268292682926829), ('Land Grabbing', 0.04780487804878049)]"
138,"[('THEFT', 0.7160342717258262), ('MURDER', 0.04528763769889841), ('GANG_VIOLENCE', 0.0416156670746634), ('ROBBERY', 0.03671970624235006), ('Land Grabbing', 0.03427172582619339)]","[('Industrial Hazards', 0.019583843329253364), ('Drug Possession', 0.01835985312117503), ('ASSAULT', 0.014687882496940025), ('Political Violence', 0.014687882496940025), ('Kidnapping', 0.006119951040391677)]"
139,"[('MURDER', 0.16622551614610906), ('GANG_VIOLENCE', 0.12440444679724721), ('ROBBERY', 0.1228163049232398), ('SNATCHING', 0.10958178930651138), ('ASSAULT', 0.10746426680783483)]","[('THEFT', 0.05452620434092112), ('Political Violence', 0.05082053996823716), ('Extortion', 0.05082053996823716), ('Industrial Hazards', 0.04764425622022234), ('Kidnapping', 0.047114875595553204)]"
140,"[('MURDER', 0.16276477146042365), ('ASSAULT', 0.12709030100334448), ('SNATCHING', 0.11817168338907469), ('GANG_VIOLENCE', 0.11259754738015608), ('ROBBERY', 0.09921962095875139)]","[('Drug Possession', 0.055741360089186176), ('Kidnapping', 0.05128205128205128), ('Political Violence', 0.05016722408026756), ('Extortion', 0.05016722408026756), ('Land Grabbing', 0.045707915273132664)]"
141,"[('MURDER', 0.18248175182481752), ('ASSAULT', 0.12043795620437957), ('GANG_VIOLENCE', 0.11131386861313869), ('SNATCHING', 0.11131386861313869), ('ROBBERY', 0.0948905109489051)]","[('Kidnapping', 0.05656934306569343), ('Land Grabbing', 0.05474452554744526), ('THEFT', 0.051094890510948905), ('Industrial Hazards', 0.04562043795620438), ('Political Violence', 0.040145985401459854)]"
142,"[('ROBBERY', 0.3897787948131198), ('MURDER', 0.38596491228070173), ('SNATCHING', 0.041952707856598014), ('GANG_VIOLENCE', 0.028985507246376812), ('ASSAULT', 0.028985507246376812)]","[('Drug Possession', 0.016781083142639208), ('Industrial Hazards', 0.016781083142639208), ('Kidnapping', 0.016018306636155607), ('Extortion', 0.013729977116704805), ('THEFT', 0.012967200610221205)]"
143,"[('MURDER', 0.17105263157894737), ('GANG_VIOLENCE', 0.12280701754385964), ('ROBBERY', 0.11842105263157894), ('ASSAULT', 0.10087719298245613), ('Political Violence', 0.07456140350877193)]","[('SNATCHING', 0.06578947368421052), ('THEFT', 0.06140350877192982), ('Kidnapping', 0.05263157894736842), ('Drug Possession', 0.04824561403508772), ('Extortion', 0.039473684210526314)]"
144,"[('ASSAULT', 0.3806287170773152), ('GUN_VIOLENCE', 0.3517417162276975), ('MURDER', 0.04333050127442651), ('SNATCHING', 0.03908241291418862), ('GANG_VIOLENCE', 0.03653355989804588)]","[('Kidnapping', 0.016992353440951572), ('Political Violence', 0.016142735768903994), ('Extortion', 0.016142735768903994), ('Land Grabbing', 0.015293118096856415), ('Drug Possession', 0.0118946474086661)]"
145,"[('MURDER', 0.1509433962264151), ('SNATCHING', 0.12578616352201258), ('ASSAULT', 0.12368972746331237), ('ROBBERY', 0.11949685534591195), ('GANG_VIOLENCE', 0.10272536687631027)]","[('Drug Possession', 0.0649895178197065), ('Industrial Hazards', 0.05660377358490566), ('Kidnapping', 0.04821802935010482), ('Extortion', 0.039832285115303984), ('Political Violence', 0.031446540880503145)]"
146,"[('MURDER', 0.12719298245614036), ('GANG_VIOLENCE', 0.12280701754385964), ('SNATCHING', 0.11403508771929824), ('ROBBERY', 0.09210526315789473), ('Kidnapping', 0.08771929824561403)]","[('Land Grabbing', 0.07894736842105263), ('Industrial Hazards', 0.06140350877192982), ('Extortion', 0.05701754385964912), ('ASSAULT', 0.05263157894736842), ('Drug Possession', 0.039473684210526314)]"
147,"[('ROBBERY', 0.12389380530973451), ('SNATCHING', 0.11946902654867257), ('GANG_VIOLENCE', 0.1084070796460177), ('MURDER', 0.10619469026548672), ('Industrial Hazards', 0.09292035398230089)]","[('Land Grabbing', 0.06637168141592921), ('Political Violence', 0.06415929203539823), ('Extortion', 0.059734513274336286), ('ASSAULT', 0.05752212389380531), ('THEFT', 0.05309734513274336)]"
148,"[('MURDER', 0.746588693957115), ('ROBBERY', 0.038011695906432746), ('ASSAULT', 0.03313840155945419), ('SNATCHING', 0.029239766081871343), ('GANG_VIOLENCE', 0.024366471734892786)]","[('Drug Possession', 0.01949317738791423), ('Extortion', 0.01949317738791423), ('Political Violence', 0.017543859649122806), ('Industrial Hazards', 0.014619883040935672), ('Land Grabbing', 0.012670565302144249)]"
149,"[('ROBBERY', 0.1513859275053305), ('SNATCHING', 0.14072494669509594), ('MURDER', 0.13859275053304904), ('GANG_VIOLENCE', 0.10874200426439233), ('Extortion', 0.06609808102345416)]","[('Kidnapping', 0.05970149253731343), ('Political Violence', 0.057569296375266525), ('THEFT', 0.057569296375266525), ('Land Grabbing', 0.05543710021321962), ('ASSAULT', 0.03624733475479744)]"
150,"[('MURDER', 0.14107142857142857), ('SNATCHING', 0.1392857142857143), ('GANG_VIOLENCE', 0.12142857142857143), ('THEFT', 0.12142857142857143), ('Land Grabbing', 0.07678571428571429)]","[('Political Violence', 0.05714285714285714), ('Extortion', 0.05714285714285714), ('ROBBERY', 0.055357142857142855), ('ASSAULT', 0.05), ('Kidnapping', 0.04285714285714286)]"
151,"[('MURDER', 0.16137744767049292), ('GANG_VIOLENCE', 0.12356515867656989), ('THEFT', 0.12018906144496962), ('SNATCHING', 0.10465901417960838), ('Industrial Hazards', 0.06650911546252532)]","[('ROBBERY', 0.06279540850776502), ('ASSAULT', 0.05975692099932478), ('Political Violence', 0.05941931127616475), ('Extortion', 0.059081701553004726), ('Drug Possession', 0.05671843349088454)]"
152,"[('MURDER', 0.18099547511312217), ('THEFT', 0.11764705882352941), ('GANG_VIOLENCE', 0.11764705882352941), ('SNATCHING', 0.09954751131221719), ('Extortion', 0.0746606334841629)]","[('Kidnapping', 0.06561085972850679), ('Political Violence', 0.06334841628959276), ('Land Grabbing', 0.05429864253393665), ('ROBBERY', 0.04751131221719457), ('Drug Possession', 0.04072398190045249)]"
153,"[('MURDER', 0.13284132841328414), ('ROBBERY', 0.12177121771217712), ('GANG_VIOLENCE', 0.11623616236162361), ('SNATCHING', 0.09778597785977859), ('THEFT', 0.08487084870848709)]","[('Drug Possession', 0.06457564575645756), ('Kidnapping', 0.06273062730627306), ('Land Grabbing', 0.05719557195571956), ('Extortion', 0.05719557195571956), ('Industrial Hazards', 0.05166051660516605)]"
154,"[('SNATCHING', 0.13680154142581888), ('ROBBERY', 0.12716763005780346), ('GANG_VIOLENCE', 0.12138728323699421), ('MURDER', 0.10982658959537572), ('Extortion', 0.06936416184971098)]","[('ASSAULT', 0.0674373795761079), ('Industrial Hazards', 0.06551059730250482), ('THEFT', 0.06165703275529865), ('Kidnapping', 0.057803468208092484), ('Drug Possession', 0.04816955684007707)]"
155,"[('ASSAULT', 0.3747390396659708), ('Land Grabbing', 0.37160751565762007), ('ROBBERY', 0.03653444676409186), ('GANG_VIOLENCE', 0.03653444676409186), ('SNATCHING', 0.03549060542797495)]","[('Drug Possession', 0.024008350730688934), ('Political Violence', 0.019832985386221295), ('Kidnapping', 0.018789144050104383), ('Industrial Hazards', 0.014613778705636743), ('THEFT', 0.013569937369519834)]"
156,"[('GANG_VIOLENCE', 0.5006811989100818), ('MURDER', 0.07220708446866485), ('SNATCHING', 0.06471389645776567), ('Land Grabbing', 0.06198910081743869), ('Drug Possession', 0.060626702997275204)]","[('Extortion', 0.0326975476839237), ('Political Violence', 0.031335149863760216), ('Industrial Hazards', 0.030653950953678476), ('ASSAULT', 0.02656675749318801), ('THEFT', 0.02656675749318801)]"
157,"[('GANG_VIOLENCE', 0.12939841089670828), ('MURDER', 0.12031782065834279), ('SNATCHING', 0.11691259931895573), ('ROBBERY', 0.11577752553916004), ('Drug Possession', 0.11350737797956867)]","[('Industrial Hazards', 0.05221339387060159), ('Kidnapping', 0.0510783200908059), ('ASSAULT', 0.04767309875141884), ('Extortion', 0.04540295119182747), ('Political Violence', 0.04426787741203178)]"
158,"[('Land Grabbing', 0.14453125), ('Drug Possession', 0.12109375), ('GANG_VIOLENCE', 0.119140625), ('SNATCHING', 0.099609375), ('ROBBERY', 0.09765625)]","[('Political Violence', 0.05859375), ('Industrial Hazards', 0.0546875), ('Extortion', 0.048828125), ('ASSAULT', 0.048828125), ('Kidnapping', 0.044921875)]"
159,"[('GANG_VIOLENCE', 0.1255539143279173), ('MURDER', 0.11964549483013294), ('THEFT', 0.1137370753323486), ('Land Grabbing', 0.10930576070901034), ('ROBBERY', 0.10930576070901034)]","[('Kidnapping', 0.059084194977843424), ('SNATCHING', 0.05760709010339734), ('Political Violence', 0.05760709010339734), ('Industrial Hazards', 0.05465288035450517), ('Drug Possession', 0.04579025110782865)]"
